{
  "urls": [
    "ch0.mp3",
    "ch0.ogg",
    "ch0.m4a"
  ],
  "sprite": {
    "MusicLoop": [
      0,
      53333.333333333336
    ],
    "MusicLoopTermWin": [
      54050,
      15555.555555555557
    ],
    "MusicLoopTermLose": [
      70100,
      6156.326530612248
    ],
    "UiBetDown": [
      77149.99999999999,
      759.2970521541957
    ],
    "UiBetUp": [
      78199.99999999999,
      762.6077097505686
    ],
    "UiBetMax": [
      79249.99999999999,
      1343.0612244898016
    ]
  }
}