{
  "urls": [
    "ch1.mp3",
    "ch1.ogg",
    "ch1.m4a"
  ],
  "sprite": {
    "GameStart": [
      0,
      3308.843537414966
    ],
    "UiBetDown": [
      4050,
      759.2970521541948
    ],
    "UiBetUp": [
      5100,
      762.6077097505668
    ]
  }
}