{
  "urls": [
    "ch3.mp3",
    "ch3.ogg",
    "ch3.m4a"
  ],
  "sprite": {
    "UiBuy": [
      0,
      1603.5827664399094
    ],
    "UiDraw": [
      2050,
      1445.0113378684807
    ],
    "UiShuffle": [
      4100,
      1710.6802721088438
    ],
    "UiPrizesContinue": [
      6150,
      2282.5623582766443
    ],
    "UiPlayAgain": [
      9200.000000000002,
      522.5396825396817
    ],
    "UiMoveToMoney": [
      10250,
      464.0816326530608
    ],
    "UiInfoClose": [
      11299.999999999998,
      748.8662131519277
    ],
    "UiInfoOpen": [
      12350,
      1267.9365079365077
    ],
    "UiSpeed1": [
      14399.999999999998,
      441.2698412698415
    ],
    "UiSpeed2": [
      15450,
      406.5306122448984
    ],
    "UiSpeed3": [
      16500,
      354.4897959183686
    ],
    "UiSpeed4": [
      17550,
      458.2993197278924
    ],
    "UiPaytableClose": [
      18600,
      2079.1609977324265
    ],
    "UiPaytableOpen": [
      21650.000000000004,
      1722.6530612244878
    ]
  }
}